FORWARD POSITION,LENGTH IN BP,FORWARD PRIMER,REVERSE POSITION,LENGTH IN BP,REVERSE PRIMER,AMPLICON SIZE,NUMBERCpG
2494,23,GTGGCGTTTGTAGGGTTGGAAGA,2612,19,CGTAACTAACAAATCACAA,136,4
2494,23,GTGGCGTTTGTAGGGTTGGAAGA,2612,20,ACGTAACTAACAAATCACAA,137,4
2494,23,GTGGCGTTTGTAGGGTTGGAAGA,2612,21,AACGTAACTAACAAATCACAA,138,4
2494,23,GTGGCGTTTGTAGGGTTGGAAGA,2612,22,AAACGTAACTAACAAATCACAA,139,4
2494,23,GTGGCGTTTGTAGGGTTGGAAGA,2612,23,CAAACGTAACTAACAAATCACAA,140,4
2495,22,TGGCGTTTGTAGGGTTGGAAGA,2612,19,CGTAACTAACAAATCACAA,135,4
2495,22,TGGCGTTTGTAGGGTTGGAAGA,2612,20,ACGTAACTAACAAATCACAA,136,4
2495,22,TGGCGTTTGTAGGGTTGGAAGA,2612,21,AACGTAACTAACAAATCACAA,137,4
2495,22,TGGCGTTTGTAGGGTTGGAAGA,2612,22,AAACGTAACTAACAAATCACAA,138,4
2495,22,TGGCGTTTGTAGGGTTGGAAGA,2612,23,CAAACGTAACTAACAAATCACAA,139,4
2496,21,GGCGTTTGTAGGGTTGGAAGA,2612,19,CGTAACTAACAAATCACAA,134,4
2496,21,GGCGTTTGTAGGGTTGGAAGA,2612,20,ACGTAACTAACAAATCACAA,135,4
2496,21,GGCGTTTGTAGGGTTGGAAGA,2612,21,AACGTAACTAACAAATCACAA,136,4
2496,21,GGCGTTTGTAGGGTTGGAAGA,2612,22,AAACGTAACTAACAAATCACAA,137,4
2496,21,GGCGTTTGTAGGGTTGGAAGA,2612,23,CAAACGTAACTAACAAATCACAA,138,4
2497,20,GCGTTTGTAGGGTTGGAAGA,2612,19,CGTAACTAACAAATCACAA,133,4
2497,20,GCGTTTGTAGGGTTGGAAGA,2612,20,ACGTAACTAACAAATCACAA,134,4
2497,20,GCGTTTGTAGGGTTGGAAGA,2612,21,AACGTAACTAACAAATCACAA,135,4
2497,20,GCGTTTGTAGGGTTGGAAGA,2612,22,AAACGTAACTAACAAATCACAA,136,4
2497,20,GCGTTTGTAGGGTTGGAAGA,2612,23,CAAACGTAACTAACAAATCACAA,137,4
2498,19,CGTTTGTAGGGTTGGAAGA,2612,19,CGTAACTAACAAATCACAA,132,4
2498,19,CGTTTGTAGGGTTGGAAGA,2612,20,ACGTAACTAACAAATCACAA,133,4
2498,19,CGTTTGTAGGGTTGGAAGA,2612,21,AACGTAACTAACAAATCACAA,134,4
2498,19,CGTTTGTAGGGTTGGAAGA,2612,22,AAACGTAACTAACAAATCACAA,135,4
2498,19,CGTTTGTAGGGTTGGAAGA,2612,23,CAAACGTAACTAACAAATCACAA,136,4
2494,24,GTGGCGTTTGTAGGGTTGGAAGAG,2612,19,CGTAACTAACAAATCACAA,136,4
2494,24,GTGGCGTTTGTAGGGTTGGAAGAG,2612,20,ACGTAACTAACAAATCACAA,137,4
2494,24,GTGGCGTTTGTAGGGTTGGAAGAG,2612,21,AACGTAACTAACAAATCACAA,138,4
2494,24,GTGGCGTTTGTAGGGTTGGAAGAG,2612,22,AAACGTAACTAACAAATCACAA,139,4
2494,24,GTGGCGTTTGTAGGGTTGGAAGAG,2612,23,CAAACGTAACTAACAAATCACAA,140,4
2495,23,TGGCGTTTGTAGGGTTGGAAGAG,2612,19,CGTAACTAACAAATCACAA,135,4
2495,23,TGGCGTTTGTAGGGTTGGAAGAG,2612,20,ACGTAACTAACAAATCACAA,136,4
2495,23,TGGCGTTTGTAGGGTTGGAAGAG,2612,21,AACGTAACTAACAAATCACAA,137,4
2495,23,TGGCGTTTGTAGGGTTGGAAGAG,2612,22,AAACGTAACTAACAAATCACAA,138,4
2495,23,TGGCGTTTGTAGGGTTGGAAGAG,2612,23,CAAACGTAACTAACAAATCACAA,139,4
2496,22,GGCGTTTGTAGGGTTGGAAGAG,2612,19,CGTAACTAACAAATCACAA,134,4
2496,22,GGCGTTTGTAGGGTTGGAAGAG,2612,20,ACGTAACTAACAAATCACAA,135,4
2496,22,GGCGTTTGTAGGGTTGGAAGAG,2612,21,AACGTAACTAACAAATCACAA,136,4
2496,22,GGCGTTTGTAGGGTTGGAAGAG,2612,22,AAACGTAACTAACAAATCACAA,137,4
2496,22,GGCGTTTGTAGGGTTGGAAGAG,2612,23,CAAACGTAACTAACAAATCACAA,138,4
2497,21,GCGTTTGTAGGGTTGGAAGAG,2612,19,CGTAACTAACAAATCACAA,133,4
2497,21,GCGTTTGTAGGGTTGGAAGAG,2612,20,ACGTAACTAACAAATCACAA,134,4
2497,21,GCGTTTGTAGGGTTGGAAGAG,2612,21,AACGTAACTAACAAATCACAA,135,4
2497,21,GCGTTTGTAGGGTTGGAAGAG,2612,22,AAACGTAACTAACAAATCACAA,136,4
2497,21,GCGTTTGTAGGGTTGGAAGAG,2612,23,CAAACGTAACTAACAAATCACAA,137,4
2498,20,CGTTTGTAGGGTTGGAAGAG,2612,19,CGTAACTAACAAATCACAA,132,4
2498,20,CGTTTGTAGGGTTGGAAGAG,2612,20,ACGTAACTAACAAATCACAA,133,4
2498,20,CGTTTGTAGGGTTGGAAGAG,2612,21,AACGTAACTAACAAATCACAA,134,4
2498,20,CGTTTGTAGGGTTGGAAGAG,2612,22,AAACGTAACTAACAAATCACAA,135,4
2498,20,CGTTTGTAGGGTTGGAAGAG,2612,23,CAAACGTAACTAACAAATCACAA,136,4
